{"cameraMode":{"drawMode":0,"name":"Shaded","section":"Shading Mode"},"sceneLighting":true,"audioPlay":false,"sceneViewState":{"showFog":true,"showMaterialUpdate":false,"showSkybox":true,"showFlares":true,"showImageEffects":true,"showParticleSystems":true},"in2DMode":false,"pivot":{"x":159.1937713623047,"y":-4.144721984863281,"z":171.36875915527345},"rotation":{"x":0.07488752901554108,"y":0.8938990235328674,"z":-0.41083693504333498,"w":0.16294030845165254},"size":45.785892486572269,"orthographic":false}